,INCOME,TRAVEL TIME,MILES CLOCKED,CAR AGE,MARITAL STATUS_Yes,SEX_M,EDUCATION_High School,EDUCATION_Masters,EDUCATION_PhD,JOB_Clerical,JOB_Doctor,JOB_Home Maker,JOB_Lawyer,JOB_Manager,JOB_Professional,JOB_Student,USE_Private,CAR TYPE_Panel Truck,CAR TYPE_Pickup,CAR TYPE_SUV,CAR TYPE_Sports Car,CAR TYPE_Van,CITY_Houston,CITY_Las Vegas,CITY_Los Angeles,CITY_New Albany,CITY_New York City,CITY_Philadelphia,CITY_San Francisco,CITY_Seattle,CITY_Texas,CITY_Washington,POSTAL CODE_12180.0,POSTAL CODE_42420.0,POSTAL CODE_44123.0,POSTAL CODE_44412.0,POSTAL CODE_47150.0,POSTAL CODE_55106.0,POSTAL CODE_61701.0,POSTAL CODE_78207.0,POSTAL CODE_84057.0,POSTAL CODE_90049.0
0,1.5598292038398422,0.9948169806308441,0.6879542704136438,0.20184998099303206,0,0,0,0,0,0,0,0,0,0,0,0,0,0,0,0,1,0,0,0,0,0,0,0,0,0,1,0,0,1,0,0,0,0,0,0,0,0
1,0.30318352039327884,-1.0404119068028477,0.9403467164716026,-1.1270436849812215,0,1,1,0,0,0,0,0,0,0,0,0,1,0,0,0,0,0,0,0,0,0,0,0,0,0,1,0,0,1,0,0,0,0,0,0,0,0
2,0.7517345620830257,0.017129164896668603,-0.08352530637018403,-1.1270436849812215,0,0,0,0,0,1,0,0,0,0,0,0,1,0,0,1,0,0,0,0,0,0,0,0,0,0,1,0,0,1,0,0,0,0,0,0,0,0
3,1.2725620760914889,-1.4599127451570544,0.8343418891272599,1.0877790916425345,0,0,1,0,0,0,0,0,1,0,0,0,1,0,0,0,1,0,0,0,0,0,0,0,0,0,1,0,0,1,0,0,0,0,0,0,0,0
4,1.5598292038398422,0.0808731819538611,1.6260128615957243,0.8662968139801589,0,1,1,0,0,0,0,0,0,0,0,0,0,1,0,0,0,0,0,0,0,0,0,0,0,0,1,0,0,1,0,0,0,0,0,0,0,0
5,-0.08936606478699449,1.2101761593890898,-1.2352761685480032,-0.24111457433171915,0,0,1,0,0,0,0,1,0,0,0,0,1,0,0,1,0,0,0,0,0,0,0,0,0,0,1,0,0,1,0,0,0,0,0,0,0,0
6,1.5598292038398422,0.9378786979584445,0.3497483926959788,-1.1270436849812215,0,1,1,0,0,0,0,0,0,1,0,0,1,0,0,0,0,0,0,0,0,0,0,0,0,0,1,0,0,1,0,0,0,0,0,0,0,0
7,-0.08936606478699449,-1.4396287335383031,-0.34517214211693475,-1.1270436849812215,1,0,1,0,0,0,0,0,0,0,0,0,1,0,0,0,1,0,0,0,0,0,0,0,0,0,1,0,0,0,0,1,0,0,0,0,0,0
8,-0.08936606478699449,-0.5702251406616478,-0.5571817968056203,-1.1270436849812215,0,0,1,0,0,1,0,0,0,0,0,0,1,0,0,1,0,0,0,0,0,0,0,0,0,0,1,0,0,1,0,0,0,0,0,0,0,0
9,-0.08936606478699449,-0.481251571468954,-0.08352530637018403,0.05364622642341271,1,1,1,0,0,0,0,0,0,0,0,0,1,1,0,0,0,0,0,0,0,0,0,0,0,0,1,0,0,1,0,0,0,0,0,0,0,0
10,-0.9443530393817466,-1.0518892692688953,-0.08352530637018403,-0.019632296669343543,0,1,1,0,0,0,0,0,0,0,0,0,1,0,1,0,0,0,0,0,0,0,0,0,0,0,1,0,0,1,0,0,0,0,0,0,0,0
11,-0.08936606478699449,1.4217449516382583,-0.6699170893781753,0.05364622642341271,0,0,1,0,0,0,0,0,0,0,0,0,0,0,0,0,1,0,1,0,0,0,0,0,0,0,0,0,0,1,0,0,0,0,0,0,0,0
12,-0.9678343731980807,0.0808731819538611,-0.47473359776002033,-1.1270436849812215,1,0,1,0,0,0,0,1,0,0,0,0,1,0,0,1,0,0,0,0,0,0,0,0,0,0,1,0,0,1,0,0,0,0,0,0,0,0
13,0.7876689202204598,1.3087875871270704,1.6260128615957243,1.5307436469672857,1,0,0,1,0,0,0,0,1,0,0,0,1,0,0,0,0,1,0,0,0,0,0,0,0,0,1,0,0,1,0,0,0,0,0,0,0,0
14,-0.6835730921702329,-0.7293032408305427,0.14783443584961165,0.8662968139801589,0,1,0,0,0,1,0,0,0,0,0,0,1,0,0,0,0,0,0,0,0,0,0,0,0,0,1,0,0,1,0,0,0,0,0,0,0,0
15,-0.8029866002620295,1.0114075327295242,-1.087205933527334,-1.1270436849812215,1,0,1,0,0,0,0,1,0,0,0,0,1,0,0,1,0,0,0,0,0,0,0,0,0,0,1,0,0,1,0,0,0,0,0,0,0,0
16,-0.08936606478699449,0.7352850756496856,-0.08352530637018403,-0.4625968519940948,0,0,1,0,0,0,0,0,0,0,0,0,1,0,0,1,0,0,0,0,0,0,0,0,0,0,1,0,0,0,0,1,0,0,0,0,0,0
17,1.5598292038398422,-0.37511036452757346,1.0379384622806802,1.8629670634608493,0,0,1,0,0,0,0,0,0,1,0,0,1,0,0,0,1,0,0,0,0,0,0,0,0,0,1,0,0,1,0,0,0,0,0,0,0,0
18,1.5598292038398422,-0.6938226931095088,-1.99245350672188,1.0877790916425345,0,1,0,0,0,0,0,0,0,0,1,0,1,0,0,0,0,0,0,0,0,0,0,0,0,0,1,0,0,1,0,0,0,0,0,0,0,0
19,-0.07148236019292828,1.4217449516382583,-0.7018867992121833,0.20184998099303206,1,0,1,0,0,0,0,0,0,0,0,0,1,0,0,0,1,0,1,0,0,0,0,0,0,0,0,0,0,1,0,0,0,0,0,0,0,0
20,-0.08936606478699449,0.0808731819538611,-1.369885473112248,-0.6840791296564703,1,0,0,0,0,0,0,0,0,0,0,0,0,0,0,1,0,0,0,0,0,0,0,0,0,0,1,0,0,1,0,0,0,0,0,0,0,0
21,-0.39910195797382925,-1.5374232438975821,-0.6228038327806896,-1.1270436849812215,1,1,1,0,0,1,0,0,0,0,0,0,0,0,1,0,0,0,0,0,0,0,0,0,0,0,1,0,0,1,0,0,0,0,0,0,0,0
22,-0.16814042138502316,-0.10117377347014248,-0.03388812531211877,-1.1270436849812215,1,0,1,0,0,0,0,0,0,0,0,0,0,0,0,1,0,0,0,0,0,0,0,0,0,0,1,0,0,1,0,0,0,0,0,0,0,0
23,-1.5709005883852336,-0.7220248694494213,-0.2694544082995471,-1.1270436849812215,1,0,1,0,0,0,0,1,0,0,0,0,1,0,0,1,0,0,0,0,0,0,0,0,0,0,1,0,0,1,0,0,0,0,0,0,0,0
24,-1.5709005883852336,-1.601975077852708,0.2942220545632278,-0.24111457433171915,0,1,1,0,0,0,0,0,0,0,0,1,0,0,0,0,0,0,0,0,0,0,0,1,0,0,0,0,0,0,0,0,0,0,0,0,1,0
25,-0.08936606478699449,1.1926004738646874,-0.08268399821665749,-0.019632296669343543,1,0,0,0,0,0,0,0,0,0,0,1,0,0,0,1,0,0,0,0,1,0,0,0,0,0,0,0,0,0,0,0,0,0,0,0,0,1
26,0.07783688494937874,1.3502908060316854,-0.08436661452371055,0.8662968139801589,1,0,0,0,0,0,0,0,0,0,1,0,1,0,0,1,0,0,0,0,1,0,0,0,0,0,0,0,0,0,0,0,0,0,0,0,0,1
27,-0.4003834599512004,-0.8219700952899913,-0.08352530637018403,-1.1270436849812215,1,1,1,0,0,0,0,0,0,0,0,0,0,0,0,1,0,0,0,0,1,0,0,0,0,0,0,0,0,0,0,0,0,0,0,0,0,1
28,0.7899421667203712,-0.05765506938366965,-0.915579070207922,-0.24111457433171915,1,1,1,0,0,0,0,0,0,0,0,0,0,0,1,0,0,0,0,0,1,0,0,0,0,0,0,0,0,0,0,0,0,0,0,0,0,1
29,0.3927643437473023,-0.4763357038605763,1.2751873615751614,0.4233322586554077,0,1,0,0,0,0,0,0,0,0,1,0,1,0,0,0,0,1,0,0,1,0,0,0,0,0,0,0,0,0,0,0,0,0,0,0,0,1
30,-0.18495306817558102,0.1936665064190212,-1.3597897752699297,-1.1270436849812215,0,0,1,0,0,1,0,0,0,0,0,0,1,0,0,1,0,0,0,0,1,0,0,0,0,0,0,0,0,0,0,0,0,0,0,0,0,1
31,-0.7099628901534043,-1.9048184235417547,-0.9105312212867628,-1.1270436849812215,1,1,1,0,0,0,0,0,0,0,0,0,1,0,1,0,0,0,0,0,1,0,0,0,0,0,0,0,0,0,0,0,0,0,0,0,0,1
32,1.5598292038398422,-0.9943837336964272,0.5550275821564521,1.7522259246296614,1,1,0,1,0,0,0,0,0,0,0,0,0,0,0,0,0,1,0,0,1,0,0,0,0,0,0,0,0,0,0,0,0,0,0,0,0,1
33,1.2378459541502462,1.4217449516382583,1.0783212536499536,0.05364622642341271,0,0,0,0,0,0,0,0,0,0,1,0,1,0,0,1,0,0,0,0,1,0,0,0,0,0,0,0,0,0,0,0,0,0,0,0,0,1
34,-1.5709005883852336,1.0944921316612863,-1.285754657759595,-1.1270436849812215,0,1,1,0,0,0,0,0,0,0,0,0,0,0,1,0,0,0,0,0,1,0,0,0,0,0,0,0,0,0,0,0,0,0,0,0,0,1
35,0.26753927523586485,0.1290582597762337,-0.035570741619171835,1.8629670634608493,0,0,0,1,0,0,0,0,1,0,0,0,1,0,0,1,0,0,0,0,1,0,0,0,0,0,0,0,0,0,0,0,0,0,0,0,0,1
36,-1.1263329475415351,-0.4346088595961892,0.4069573471357828,-1.1270436849812215,1,0,1,0,0,0,0,0,0,0,0,1,0,0,1,0,0,0,0,0,1,0,0,0,0,0,0,0,0,0,0,0,0,0,0,0,0,1
37,-0.3434132719835472,0.30246098837439944,-0.9509140126560361,1.8629670634608493,1,1,0,0,0,0,0,0,0,0,0,0,0,0,1,0,0,0,0,0,1,0,0,0,0,0,0,0,0,0,0,0,0,0,0,0,0,1
38,1.5598292038398422,0.9588343442662989,-0.030522892698012654,1.8629670634608493,0,0,0,0,1,0,1,0,0,0,0,0,1,0,0,0,1,0,0,0,1,0,0,0,0,0,0,0,0,0,0,0,0,0,0,0,0,1
39,-0.35621003937433454,-1.7038277145367509,-1.99245350672188,0.20184998099303206,0,0,1,0,0,1,0,0,0,0,0,0,1,0,0,1,0,0,0,0,1,0,0,0,0,0,0,0,0,0,0,0,0,0,0,0,0,1
40,-1.5709005883852336,0.22625765777728507,0.5331535701647623,-1.1270436849812215,0,1,1,0,0,0,0,1,0,0,0,0,1,0,0,0,0,0,0,0,1,0,0,0,0,0,0,0,0,0,0,0,0,0,0,0,0,1
41,-0.7528428724741139,-0.7784777148010494,0.7636720042310314,-1.1270436849812215,0,0,1,0,0,1,0,0,0,0,0,0,1,0,0,0,1,0,0,0,1,0,0,0,0,0,0,0,0,0,0,0,0,0,0,0,0,1
42,1.5397670590327184,0.19416685577128956,-0.08352530637018403,-0.24111457433171915,1,0,0,0,0,0,0,0,0,1,0,0,1,0,0,1,0,0,0,0,1,0,0,0,0,0,0,0,0,0,0,0,0,0,0,0,0,1
43,0.02135191362937638,1.2158790190031086,-0.5588644131126733,-1.1270436849812215,0,1,1,0,0,0,0,0,0,0,0,0,0,0,1,0,0,0,0,0,1,0,0,0,0,0,0,0,0,0,0,0,0,0,0,0,0,1
44,-0.4404137511395155,0.6291039290376643,-0.06922306776023301,0.20184998099303206,0,0,1,0,0,1,0,0,0,0,0,0,1,0,0,0,1,0,0,0,0,1,0,0,0,0,0,0,0,0,0,0,1,0,0,0,0,0
45,-0.08936606478699449,0.0808731819538611,-1.99245350672188,0.8662968139801589,1,0,1,0,0,0,0,0,0,0,0,0,1,0,0,1,0,0,0,0,0,1,0,0,0,0,0,0,0,0,0,0,1,0,0,0,0,0
46,1.5598292038398422,0.0808731819538611,1.6260128615957243,0.8662968139801589,0,0,1,0,0,0,0,0,1,0,0,0,1,0,0,0,0,1,0,0,0,1,0,0,0,0,0,0,0,0,0,0,1,0,0,0,0,0
47,0.26217197894514005,0.0808731819538611,-0.08352530637018403,1.8629670634608493,0,1,1,0,0,0,0,0,0,0,0,0,0,1,0,0,0,0,0,0,0,1,0,0,0,0,0,0,0,0,0,0,1,0,0,0,0,0
48,-0.6382539179107254,-0.209522064004046,0.08557763248864846,0.20184998099303206,1,0,1,0,0,0,0,1,0,0,0,0,1,0,0,1,0,0,0,0,0,1,0,0,0,0,0,0,0,0,0,0,1,0,0,0,0,0
49,-0.429273142153551,-1.9580454192830279,-0.9324052332784525,0.4233322586554077,0,0,1,0,0,1,0,0,0,0,0,0,1,0,0,1,0,0,0,0,0,1,0,0,0,0,0,0,0,0,0,0,1,0,0,0,0,0
50,0.6924341200364963,-2.1866698859326634,1.4182097476746716,1.30926136930491,0,1,0,1,0,0,0,0,0,1,0,0,1,0,0,0,0,1,0,0,0,1,0,0,0,0,0,0,0,0,0,0,1,0,0,0,0,0
51,0.08066202124038599,1.4217449516382583,1.6260128615957243,0.6448145363177833,0,0,1,0,0,1,0,0,0,0,0,0,1,0,0,1,0,0,0,0,0,1,0,0,0,0,0,0,0,0,0,0,1,0,0,0,0,0
52,-0.46134775619521184,0.8323033377333918,-1.0333622117016361,0.4233322586554077,1,1,1,0,0,1,0,0,0,0,0,0,1,0,1,0,0,0,0,0,0,1,0,0,0,0,0,0,0,0,0,0,1,0,0,0,0,0
53,-0.3790313716562736,1.4217449516382583,1.5326276565542796,-1.1270436849812215,0,1,1,0,0,1,0,0,0,0,0,0,1,0,0,0,0,0,0,0,0,1,0,0,0,0,0,0,0,0,0,0,1,0,0,0,0,0
54,-0.7860184514006173,0.5091572591355493,0.809102644521464,0.05364622642341271,0,1,1,0,0,0,0,0,0,0,0,0,1,0,0,0,0,1,0,0,0,1,0,0,0,0,0,0,0,0,0,0,1,0,0,0,0,0
55,0.6980244095444972,0.5732041580394988,-0.9576444778842484,0.6448145363177833,1,0,0,1,0,0,0,0,1,0,0,0,0,0,0,0,1,0,0,0,0,1,0,0,0,0,0,0,0,0,0,0,1,0,0,0,0,0
56,1.5598292038398422,1.4217449516382583,-1.3530593100417174,1.8629670634608493,0,1,0,1,0,0,0,0,1,0,0,0,1,0,0,0,0,0,0,0,0,1,0,0,0,0,0,0,0,0,0,0,1,0,0,0,0,0
57,0.9845367798130835,-0.24916761611894828,-0.08352530637018403,1.0877790916425345,0,1,0,1,0,0,0,0,0,0,0,0,1,1,0,0,0,0,0,0,0,1,0,0,0,0,0,0,0,0,0,0,1,0,0,0,0,0
58,-1.4619512505689585,-1.0358774059507352,-1.7232348975933904,-0.24111457433171915,0,0,1,0,0,1,0,0,0,0,0,0,1,0,0,0,1,0,0,0,0,1,0,0,0,0,0,0,0,0,0,0,1,0,0,0,0,0
59,-1.4729184878808055,1.4217449516382583,-0.4814640629882326,1.0877790916425345,1,0,1,0,0,0,0,1,0,0,0,0,1,0,0,0,1,0,0,0,0,1,0,0,0,0,0,0,0,0,0,0,1,0,0,0,0,0
60,-0.08936606478699449,-1.1348917235662606,-0.28459795506302465,-1.1270436849812215,0,0,1,0,0,1,0,0,0,0,0,0,1,0,0,1,0,0,0,0,0,1,0,0,0,0,0,0,0,0,0,0,1,0,0,0,0,0
61,0.9402877765725232,0.9241400818118722,-0.267771791992494,1.30926136930491,0,0,0,0,0,0,0,0,0,0,0,0,0,0,0,0,0,0,0,0,0,0,1,0,0,0,0,0,1,0,0,0,0,0,0,0,0,0
62,-0.647724075567896,0.05358555145256678,-1.2184500054774727,-1.1270436849812215,0,0,1,0,0,1,0,0,0,0,0,0,0,0,1,0,0,0,0,0,0,0,1,0,0,0,0,0,1,0,0,0,0,0,0,0,0,0
63,-0.08936606478699449,1.4217449516382583,1.6260128615957243,1.8629670634608493,0,1,0,1,0,0,0,0,0,0,0,0,0,1,0,0,0,0,0,0,0,0,1,0,0,0,0,0,1,0,0,0,0,0,0,0,0,0
64,0.33006874272761416,0.8593440751942681,1.2263914886706229,-1.1270436849812215,0,0,1,0,0,0,0,0,0,0,0,0,0,0,0,1,0,0,0,0,0,0,1,0,0,0,0,0,1,0,0,0,0,0,0,0,0,0
65,1.1524081432745195,-0.7229245936251227,1.514118877176696,-1.1270436849812215,0,0,1,0,0,0,0,0,0,0,0,0,0,0,0,0,1,0,0,0,0,0,1,0,0,0,0,0,1,0,0,0,0,0,0,0,0,0
66,-1.5709005883852336,-0.07316462441809106,-0.08352530637018403,-1.1270436849812215,0,1,1,0,0,0,0,0,0,0,0,1,1,0,1,0,0,0,0,0,0,0,1,0,0,0,0,0,1,0,0,0,0,0,0,0,0,0
67,1.5598292038398422,1.3283947704974035,1.6260128615957243,1.8629670634608493,1,0,0,1,0,0,0,0,0,0,0,0,1,0,0,0,1,0,0,0,0,0,1,0,0,0,0,0,1,0,0,0,0,0,0,0,0,0
68,-0.32757111565261043,-0.6106902490798968,1.6260128615957243,1.8629670634608493,1,0,0,0,0,0,0,0,0,0,0,0,0,0,0,0,1,0,0,0,0,0,1,0,0,0,0,0,1,0,0,0,0,0,0,0,0,0
83,-0.8004224356871934,0.48940175701550614,-1.3867116361827785,0.20184998099303206,1,0,1,0,0,0,0,0,0,0,0,0,0,0,0,1,0,0,0,0,0,0,1,0,0,0,0,0,1,0,0,0,0,0,0,0,0,0
84,-0.9257637520842529,1.4217449516382583,1.009333985060778,-1.1270436849812215,0,0,1,0,0,0,0,0,0,0,0,0,1,0,0,0,0,0,0,0,0,0,1,0,0,0,0,0,1,0,0,0,0,0,0,0,0,0
85,-0.08936606478699449,1.4217449516382583,-1.0737450030709095,1.7522259246296614,1,1,0,1,0,0,0,0,1,0,0,0,1,0,0,1,0,0,0,0,0,0,1,0,0,0,0,0,1,0,0,0,0,0,0,0,0,0
86,0.6437495395415007,-0.21714632902906003,-0.31320243228292666,-1.1270436849812215,0,0,1,0,0,1,0,0,0,0,0,0,1,0,0,0,0,0,0,0,0,0,1,0,0,0,0,0,1,0,0,0,0,0,0,0,0,0
87,-0.08936606478699449,-1.4429622310932295,1.6117106229857734,0.8662968139801589,0,0,1,0,0,0,0,0,0,0,0,0,1,0,0,0,1,0,0,0,0,0,1,0,0,0,0,0,1,0,0,0,0,0,0,0,0,0
88,-1.4057384286180672,-2.1036952903640245,-1.1040320965978645,0.4233322586554077,0,0,1,0,0,0,0,0,0,0,0,1,1,0,0,1,0,0,0,0,0,0,1,0,0,0,0,0,1,0,0,0,0,0,0,0,0,0
89,0.7170169929624856,-2.3040829900125894,-0.08352530637018403,-1.1270436849812215,1,1,1,0,0,0,0,0,0,0,0,0,0,0,0,0,0,1,0,0,0,0,1,0,0,0,0,0,1,0,0,0,0,0,0,0,0,0
90,-0.07621395089159713,1.4217449516382583,-0.23411946585143284,-0.019632296669343543,0,0,1,0,0,0,0,0,0,0,0,0,0,0,0,0,1,0,0,0,0,0,1,0,0,0,0,0,1,0,0,0,0,0,0,0,0,0
91,1.1967973912445675,0.0808731819538611,-0.7304912764320853,0.8662968139801589,1,1,1,0,0,0,0,0,0,0,0,0,1,0,1,0,0,0,0,0,0,0,1,0,0,0,0,0,1,0,0,0,0,0,0,0,0,0
92,-0.11046021199670719,0.27739652504674805,-1.3261374491288684,-1.1270436849812215,0,0,1,0,0,1,0,0,0,0,0,0,1,0,0,0,1,0,0,0,0,0,1,0,0,0,0,0,1,0,0,0,0,0,0,0,0,0
93,1.2110455596097334,1.39906992759369,0.4910881624884358,1.5307436469672857,0,0,0,0,0,0,0,0,0,0,0,0,1,0,0,1,0,0,0,0,0,0,1,0,0,0,0,0,1,0,0,0,0,0,0,0,0,0
94,-1.5709005883852336,0.6100834979187651,0.15119966846371777,-1.1270436849812215,0,0,1,0,0,0,0,1,0,0,0,0,1,0,0,1,0,0,0,0,0,0,1,0,0,0,0,0,1,0,0,0,0,0,0,0,0,0
95,-1.5709005883852336,-1.8420452093985766,-0.80452639394242,1.7522259246296614,1,0,1,0,0,0,0,1,0,0,0,0,1,0,0,0,1,0,0,0,0,0,1,0,0,0,0,0,1,0,0,0,0,0,0,0,0,0
96,-1.179348075995313,-1.5949900890811484,-0.9054833723656036,0.6448145363177833,1,1,1,0,0,0,0,0,0,0,0,1,1,0,1,0,0,0,0,0,0,0,1,0,0,0,0,0,1,0,0,0,0,0,0,0,0,0
97,1.5598292038398422,0.0808731819538611,1.6260128615957243,1.5307436469672857,0,1,0,1,0,0,0,0,0,0,0,0,1,1,0,0,0,0,0,0,0,0,1,0,0,0,0,0,1,0,0,0,0,0,0,0,0,0
98,-0.3092172103713098,0.048939829976604406,-0.07763614929549832,-1.1270436849812215,1,1,1,0,0,1,0,0,0,0,0,0,1,0,0,0,0,0,0,0,0,0,0,0,1,0,0,0,0,0,0,0,0,1,0,0,0,0
99,-0.42109261708404333,0.5921271750705851,1.6260128615957243,-1.1270436849812215,0,1,1,0,0,0,0,0,0,0,1,0,0,1,0,0,0,0,0,0,0,0,0,0,1,0,0,0,0,0,0,0,0,1,0,0,0,0
100,0.8522080941583795,-0.5353202472819835,0.41705304497810114,-1.1270436849812215,0,0,0,1,0,0,0,0,0,0,0,0,1,0,0,1,0,0,0,0,0,0,0,0,1,0,0,0,0,0,0,0,0,1,0,0,0,0
101,0.3420652745497789,0.17387791318891951,1.6260128615957243,-1.1270436849812215,0,1,1,0,0,0,0,0,0,0,0,0,0,1,0,0,0,0,0,0,0,0,0,0,1,0,0,0,0,0,0,0,0,1,0,0,0,0
102,-0.08936606478699449,-1.6440735906631918,0.9268857860151781,1.0877790916425345,0,0,0,1,0,0,0,0,1,0,0,0,1,0,0,0,0,0,0,0,0,0,0,0,1,0,0,0,0,0,0,0,0,1,0,0,0,0
103,-1.5709005883852336,-1.2129521900883327,-1.99245350672188,-1.1270436849812215,0,0,1,0,0,0,0,0,0,0,0,1,1,0,0,1,0,0,0,0,0,0,0,0,1,0,0,0,0,0,0,0,0,1,0,0,0,0
104,-0.5164271966662856,0.0808731819538611,-0.6867432524487058,-1.1270436849812215,1,1,1,0,0,1,0,0,0,0,0,0,0,0,1,0,0,0,0,0,0,0,0,0,1,0,0,0,0,0,0,0,0,1,0,0,0,0
105,0.8176852576905939,-1.0574030851069178,-0.2526282452290165,-1.1270436849812215,1,0,1,0,0,0,0,0,0,0,0,0,0,0,0,1,0,0,0,0,0,0,0,0,1,0,0,0,0,0,0,0,0,1,0,0,0,0
106,0.7313977607903626,0.0808731819538611,-0.3199328975111389,0.05364622642341271,1,0,0,0,0,0,0,0,0,1,0,0,1,0,0,1,0,0,0,0,0,0,0,0,1,0,0,0,0,0,0,0,0,1,0,0,0,0
107,-0.09219570691721239,0.3613277827511893,1.578058296844712,0.6448145363177833,0,1,1,0,0,0,0,0,0,0,0,0,0,1,0,0,0,0,0,0,0,0,0,0,1,0,0,0,0,0,0,0,0,1,0,0,0,0
108,-0.08936606478699449,-0.29383670980322535,-0.9963446529464688,-1.1270436849812215,1,0,1,0,0,0,0,0,0,0,0,0,1,0,0,0,1,0,0,0,0,0,0,0,1,0,0,0,0,0,0,0,0,1,0,0,0,0
109,-0.08936606478699449,-0.2932994625137913,1.429988061824043,-0.24111457433171915,1,0,1,0,0,0,0,0,0,0,0,0,0,0,0,0,1,0,0,0,0,0,0,0,1,0,0,0,0,0,0,0,0,1,0,0,0,0
110,-0.08936606478699449,1.4217449516382583,-1.1679715162658808,-0.019632296669343543,1,1,1,0,0,0,0,0,0,0,0,0,0,0,1,0,0,0,0,0,0,0,0,0,1,0,0,0,0,0,0,0,0,1,0,0,0,0
111,-0.08936606478699449,-0.48125360577511483,1.5006579467202714,-0.4625968519940948,1,0,1,0,0,0,0,0,0,0,0,1,1,0,1,0,0,0,0,0,0,0,0,0,1,0,0,0,0,0,0,0,0,1,0,0,0,0
112,0.5335868296963301,1.0014695110944596,0.4894055461813827,1.8629670634608493,0,0,0,1,0,0,0,0,0,0,1,0,1,0,0,0,1,0,0,0,0,0,0,0,1,0,0,0,0,0,0,0,0,1,0,0,0,0
113,-0.08936606478699449,0.7252071715568758,1.6260128615957243,1.8629670634608493,0,0,0,1,0,0,0,0,0,0,0,0,0,0,1,0,0,0,0,0,0,0,0,0,1,0,0,0,0,0,0,0,0,1,0,0,0,0
114,-0.5521020081387217,0.0808731819538611,0.9453945653927618,-1.1270436849812215,1,0,1,0,0,1,0,0,0,0,0,0,1,0,0,0,1,0,0,0,0,0,0,0,1,0,0,0,0,0,0,0,0,1,0,0,0,0
115,-0.5262209903046419,0.2874042917743934,1.6260128615957243,0.4233322586554077,1,0,1,0,0,0,0,0,0,0,0,0,0,0,1,0,0,0,0,0,0,0,0,0,1,0,0,0,0,0,0,0,0,1,0,0,0,0
116,-0.08936606478699449,-1.139364218604489,0.17139106414835448,1.0877790916425345,1,0,1,0,0,0,0,0,0,1,0,0,1,0,0,1,0,0,0,0,0,0,0,0,1,0,0,0,0,0,0,0,0,1,0,0,0,0
117,0.8074262309443974,0.3274253541131628,1.4266228292099368,0.20184998099303206,1,1,1,0,0,0,0,0,0,0,0,0,0,0,0,0,0,1,0,0,0,0,0,0,1,0,0,0,0,0,0,0,0,1,0,0,0,0
118,-0.4027121130603191,-0.6927308955815448,-0.7086172644403956,-1.1270436849812215,0,0,1,0,0,0,0,0,0,0,0,0,0,0,0,0,1,0,0,0,0,0,0,0,1,0,0,0,0,0,0,0,0,1,0,0,0,0
119,0.8767429944183552,0.14135970994233998,-1.3093112860583378,-1.1270436849812215,1,0,1,0,0,0,0,0,0,0,0,0,1,0,0,0,1,0,0,0,0,0,0,0,1,0,0,0,0,0,0,0,0,1,0,0,0,0
120,-0.48206699563886646,1.4217449516382583,0.15288228477077082,0.20184998099303206,1,0,1,0,0,0,0,0,0,0,0,0,1,0,0,1,0,0,0,0,0,0,0,0,1,0,0,0,0,0,0,0,0,1,0,0,0,0
121,-0.08936606478699449,-0.42585295625119646,1.0413036948947862,1.8629670634608493,0,1,0,1,0,0,0,0,0,0,0,0,1,0,0,0,0,1,0,0,0,0,0,0,1,0,0,0,0,0,0,0,0,1,0,0,0,0
122,1.5598292038398422,-1.0217671650240157,0.694684735641856,0.4233322586554077,0,1,1,0,0,0,0,0,0,0,0,0,0,0,0,0,0,1,0,0,0,0,0,0,1,0,0,0,0,0,0,0,0,1,0,0,0,0
123,-1.5617316331435698,-0.26425478678734227,-0.4629552836106489,1.0877790916425345,0,0,1,0,0,0,0,0,0,0,0,1,1,0,0,1,0,0,0,0,0,0,0,0,1,0,0,0,0,0,0,0,0,1,0,0,0,0
124,-0.6540020511059904,0.0808731819538611,-0.9340878495855056,0.8662968139801589,0,0,0,0,0,0,0,0,0,0,0,0,1,0,0,0,1,0,0,0,0,0,0,0,1,0,0,0,0,0,0,0,0,1,0,0,0,0
125,-1.5709005883852336,-1.7346957388753128,-1.1511453531953502,0.05364622642341271,1,0,1,0,0,0,0,1,0,0,0,0,1,0,0,0,1,0,1,0,0,0,0,0,0,0,0,0,0,0,0,0,0,0,1,0,0,0
126,-0.08936606478699449,0.08789265869869478,-0.7018867992121833,0.4233322586554077,1,0,1,0,0,0,0,0,0,0,1,0,1,0,0,1,0,0,1,0,0,0,0,0,0,0,0,0,0,0,0,0,0,0,1,0,0,0
127,-0.736559204015259,0.0808731819538611,-0.888657209295073,-1.1270436849812215,1,1,1,0,0,0,0,0,0,0,0,0,1,0,1,0,0,0,1,0,0,0,0,0,0,0,0,0,0,0,0,0,0,0,1,0,0,0
128,-0.06768079609787987,0.0808731819538611,-0.24589778000080426,0.4233322586554077,0,1,1,0,0,0,0,0,0,0,1,0,1,0,1,0,0,0,1,0,0,0,0,0,0,0,0,0,0,0,0,0,0,0,1,0,0,0
129,1.0031002443276957,0.0808731819538611,0.22186955335994626,-0.019632296669343543,0,0,0,0,0,0,0,0,0,0,1,0,1,0,0,1,0,0,1,0,0,0,0,0,0,0,0,0,0,0,0,0,0,0,1,0,0,0
130,-0.6288244948102697,0.0808731819538611,-1.56338634842335,-1.1270436849812215,0,0,1,0,0,0,0,0,0,0,0,0,1,0,0,0,1,0,1,0,0,0,0,0,0,0,0,0,0,0,0,0,0,0,1,0,0,0
131,1.5598292038398422,-0.09011209026459614,1.148991138546182,0.4233322586554077,1,0,1,0,0,0,0,0,0,0,0,0,1,0,0,0,0,0,1,0,0,0,0,0,0,0,0,0,0,0,0,0,0,0,1,0,0,0
132,-1.4283760508558043,-0.5496674646144472,0.5482971169282398,-1.1270436849812215,0,0,1,0,0,0,0,1,0,0,0,0,1,0,0,1,0,0,1,0,0,0,0,0,0,0,0,0,0,0,0,0,0,0,1,0,0,0
133,0.8373071601553046,-2.3040829900125894,-0.8937050582162321,-1.1270436849812215,1,0,1,0,0,0,0,0,0,0,0,0,1,0,0,1,0,0,1,0,0,0,0,0,0,0,0,0,0,0,0,0,0,0,1,0,0,0
134,-0.08936606478699449,1.4217449516382583,-0.07763614929549832,0.05364622642341271,0,0,0,1,0,0,0,0,1,0,0,0,1,0,0,0,0,0,1,0,0,0,0,0,0,0,0,0,0,0,0,0,0,0,1,0,0,0
135,0.27821844608722257,-0.9547384644392343,-0.6951563339839711,-1.1270436849812215,1,0,1,0,0,0,0,0,0,0,0,0,1,0,0,1,0,0,1,0,0,0,0,0,0,0,0,0,0,0,0,0,0,0,1,0,0,0
136,1.5598292038398422,1.4217449516382583,1.6260128615957243,0.6448145363177833,1,1,0,1,0,0,0,0,0,0,0,0,0,1,0,0,0,0,1,0,0,0,0,0,0,0,0,0,0,0,0,0,0,0,1,0,0,0
137,-0.08936606478699449,0.8752327211555925,-0.351902607345147,1.0877790916425345,1,1,1,0,0,1,0,0,0,0,0,0,0,0,1,0,0,0,1,0,0,0,0,0,0,0,0,0,0,0,0,0,0,0,1,0,0,0
138,0.6777948378205977,1.4217449516382583,-1.2689284946890644,0.4233322586554077,0,0,0,0,0,0,0,0,0,0,0,0,1,0,0,0,1,0,1,0,0,0,0,0,0,0,0,0,0,0,0,0,0,0,1,0,0,0
139,1.5598292038398422,-1.6227757392083928,1.3997009682970878,-0.6840791296564703,0,0,0,0,0,0,0,0,0,0,0,0,0,0,1,0,0,0,1,0,0,0,0,0,0,0,0,0,0,0,0,0,0,0,1,0,0,0
140,-1.5709005883852336,0.14916357583455186,-0.29132842029123684,-1.1270436849812215,1,1,1,0,0,0,0,0,0,0,0,1,0,0,1,0,0,0,1,0,0,0,0,0,0,0,0,0,0,0,0,0,0,0,1,0,0,0
141,-1.0484486949081546,0.0808731819538611,1.6260128615957243,-0.24111457433171915,0,0,1,0,0,0,0,0,0,0,0,1,1,0,0,0,0,0,1,0,0,0,0,0,0,0,0,0,0,0,0,0,0,0,1,0,0,0
142,-1.5709005883852336,1.1807111490019053,-0.9425009311207709,-1.1270436849812215,1,0,1,0,0,0,0,0,0,0,0,1,1,0,0,0,1,0,1,0,0,0,0,0,0,0,0,0,0,0,0,0,0,0,1,0,0,0
143,-1.5709005883852336,-0.4225643779593622,-1.3867116361827785,0.6448145363177833,1,0,1,0,0,0,0,1,0,0,0,0,1,0,0,0,0,0,1,0,0,0,0,0,0,0,0,0,0,0,0,0,0,0,1,0,0,0
144,-1.5709005883852336,-0.370312922715066,-0.690108485062812,-1.1270436849812215,0,1,1,0,0,0,0,0,0,0,0,1,1,0,1,0,0,0,1,0,0,0,0,0,0,0,0,0,0,0,0,0,0,0,1,0,0,0
145,1.5598292038398422,0.0808731819538611,-1.99245350672188,0.20184998099303206,1,0,0,0,0,0,0,0,0,0,0,0,0,0,0,0,1,0,1,0,0,0,0,0,0,0,0,0,0,0,0,0,0,0,1,0,0,0
146,1.5598292038398422,-0.9831005623682989,1.5612321337741817,0.8662968139801589,0,1,0,1,0,0,0,0,0,0,0,0,0,1,0,0,0,0,1,0,0,0,0,0,0,0,0,0,0,0,0,0,0,0,1,0,0,0
147,0.1711539420633189,-0.5588164218451245,-0.407428945477898,-1.1270436849812215,0,1,1,0,0,0,0,0,0,0,0,0,1,0,1,0,0,0,1,0,0,0,0,0,0,0,0,0,0,0,0,0,0,0,1,0,0,0
148,-1.3015897965561283,-0.4813605705656376,-1.061966688921538,-1.1270436849812215,0,0,1,0,0,0,0,0,0,0,0,1,1,0,0,1,0,0,1,0,0,0,0,0,0,0,0,0,0,0,0,0,0,0,1,0,0,0
149,-0.16977482673773484,0.0808731819538611,0.11081687709444434,-1.1270436849812215,0,0,1,0,0,0,0,0,0,1,0,0,1,0,0,0,1,0,1,0,0,0,0,0,0,0,0,0,0,0,0,0,0,0,1,0,0,0
150,1.5598292038398422,-1.4613360608355337,1.4131618987535124,1.5307436469672857,0,0,0,0,0,0,0,0,0,0,0,0,0,0,0,1,0,0,1,0,0,0,0,0,0,0,0,0,0,0,0,0,0,0,1,0,0,0
151,-1.4502435837743912,0.0808731819538611,-1.0333622117016361,-0.24111457433171915,1,1,1,0,0,0,0,0,0,0,0,1,1,0,0,0,0,0,1,0,0,0,0,0,0,0,0,0,0,0,0,0,0,0,1,0,0,0
152,0.5988638235104486,0.608061134188545,0.7300196780899703,0.8662968139801589,1,1,1,0,0,0,0,0,0,0,0,0,0,0,0,0,0,1,1,0,0,0,0,0,0,0,0,0,0,0,0,0,0,0,1,0,0,0
153,0.7853705601440346,0.0808731819538611,-0.7136651133615548,-0.019632296669343543,1,0,0,1,0,0,0,0,1,0,0,0,1,0,0,0,1,0,1,0,0,0,0,0,0,0,0,0,0,0,0,0,0,0,1,0,0,0
154,-1.3771810225072445,-0.8281118390329157,1.6260128615957243,-1.1270436849812215,0,0,1,0,0,0,0,0,0,0,0,1,0,0,1,0,0,0,1,0,0,0,0,0,0,0,0,0,0,0,0,0,0,0,1,0,0,0
155,-0.08936606478699449,0.0808731819538611,-1.0535536073862728,1.0877790916425345,0,0,0,0,0,1,0,0,0,0,0,0,1,0,0,0,1,0,1,0,0,0,0,0,0,0,0,0,0,0,0,0,0,0,1,0,0,0
156,1.5598292038398422,0.0808731819538611,-0.6850606361416528,0.05364622642341271,0,0,0,0,1,0,1,0,0,0,0,0,1,0,0,1,0,0,1,0,0,0,0,0,0,0,0,0,0,0,0,0,0,0,1,0,0,0
157,1.5598292038398422,0.0808731819538611,-1.3311852980500276,0.05364622642341271,0,1,0,1,0,0,0,0,0,0,0,0,0,0,1,0,0,0,1,0,0,0,0,0,0,0,0,0,0,0,0,0,0,0,1,0,0,0
158,0.21315737444841715,1.170245800359244,-0.08352530637018403,0.4233322586554077,1,1,1,0,0,0,0,0,0,0,0,0,1,1,0,0,0,0,1,0,0,0,0,0,0,0,0,0,0,0,0,0,0,0,1,0,0,0
159,-0.08936606478699449,0.16417209341872463,-0.08352530637018403,-0.4625968519940948,0,0,1,0,0,0,0,0,0,0,0,0,0,0,1,0,0,0,1,0,0,0,0,0,0,0,0,0,0,0,0,0,0,0,1,0,0,0
160,1.5598292038398422,-1.581088748703709,-0.08352530637018403,-1.1270436849812215,0,0,0,0,0,0,0,0,0,0,0,0,0,0,0,1,0,0,1,0,0,0,0,0,0,0,0,0,0,0,0,0,0,0,1,0,0,0
161,1.419500076581621,0.6565567942333059,-0.08352530637018403,0.6448145363177833,0,0,0,0,0,0,0,0,0,0,1,0,1,0,0,0,1,0,1,0,0,0,0,0,0,0,0,0,0,0,0,0,0,0,1,0,0,0
162,1.5598292038398422,0.0808731819538611,-1.3867116361827785,1.8629670634608493,1,1,1,0,0,0,0,0,0,0,0,0,0,0,1,0,0,0,1,0,0,0,0,0,0,0,0,0,0,0,0,0,0,0,1,0,0,0
163,-0.3171623261332717,0.6736181885191523,-0.9492313963489831,-1.1270436849812215,1,1,1,0,0,0,0,0,0,0,0,0,1,0,0,1,0,0,1,0,0,0,0,0,0,0,0,0,0,0,0,0,0,0,1,0,0,0
164,-0.11763492016333768,-0.40024512002217244,-0.40406371286379184,1.7522259246296614,1,1,1,0,0,0,0,0,0,0,0,0,0,0,1,0,0,0,0,0,0,0,0,0,0,1,0,0,0,0,0,0,0,0,0,1,0,0
165,1.5598292038398422,0.5428598402919519,1.6260128615957243,0.8662968139801589,1,1,0,0,0,0,0,0,0,1,0,0,0,1,0,0,0,0,0,0,0,0,0,0,0,1,0,0,0,0,0,0,0,0,0,1,0,0
166,1.5598292038398422,0.0808731819538611,-1.5886255930291457,1.8629670634608493,0,0,0,1,0,0,0,0,0,0,0,0,1,0,0,1,0,0,0,0,0,0,0,0,0,1,0,0,0,0,0,0,0,0,0,1,0,0
167,-0.579752959445411,-1.227342793254703,-0.48651191190939175,-0.019632296669343543,0,1,1,0,0,1,0,0,0,0,0,0,0,0,1,0,0,0,0,0,0,0,0,0,0,1,0,0,0,0,0,0,0,0,0,1,0,0
168,1.5598292038398422,0.06943866108403593,1.6260128615957243,0.8662968139801589,0,1,0,0,0,0,0,0,0,0,1,0,0,1,0,0,0,0,0,0,0,0,0,0,0,1,0,0,0,0,0,0,0,0,0,1,0,0
169,-0.4125928101105115,0.7345719735341192,-0.2442151636937512,-1.1270436849812215,0,0,1,0,0,0,0,0,0,0,0,0,0,0,0,1,0,0,0,0,0,0,0,0,0,1,0,0,0,0,0,0,0,0,0,1,0,0
170,-0.665637562219397,0.42300379184022524,-0.3771418519509429,0.6448145363177833,0,0,1,0,0,0,0,0,0,0,1,0,1,0,0,1,0,0,0,0,0,0,0,0,0,1,0,0,0,0,0,0,0,0,0,1,0,0
171,0.39691177631833,-1.2606927934922587,1.6260128615957243,-1.1270436849812215,1,1,1,0,0,0,0,0,0,0,1,0,0,1,0,0,0,0,0,0,0,0,0,0,0,1,0,0,0,0,0,0,0,0,0,1,0,0
172,0.3637043771497882,1.4217449516382583,-0.5908341229466815,-1.1270436849812215,1,1,0,0,0,0,0,0,0,0,0,0,0,0,1,0,0,0,0,0,0,0,0,0,0,1,0,0,0,0,0,0,0,0,0,1,0,0
173,-1.5709005883852336,-0.020228860189971828,-1.369885473112248,-0.019632296669343543,1,0,1,0,0,0,0,1,0,0,0,0,1,0,0,1,0,0,0,0,0,0,0,0,0,1,0,0,0,0,0,0,0,0,0,1,0,0
174,-0.8278437955388883,1.3659441816488072,-1.3530593100417174,0.20184998099303206,0,0,0,0,0,0,0,0,0,0,1,0,1,0,0,0,1,0,0,0,0,0,0,0,0,1,0,0,0,0,0,0,0,0,0,1,0,0
175,-1.3518563494087863,1.4217449516382583,0.4523879874262154,1.0877790916425345,1,0,1,0,0,0,0,0,0,0,0,1,0,0,0,1,0,0,0,0,0,0,0,0,0,1,0,0,0,0,0,0,0,0,0,1,0,0
176,-1.1935447669684558,-0.04390653862862457,-0.9290400006643464,-1.1270436849812215,1,0,0,1,0,0,0,1,0,0,0,0,1,0,0,1,0,0,0,0,0,0,0,0,0,1,0,0,0,0,0,0,0,0,0,1,0,0
177,-0.9477516636190938,0.8955080419914891,0.45070537111916237,0.8662968139801589,0,1,1,0,0,0,0,0,0,0,0,0,0,0,0,0,0,0,0,0,0,0,0,0,0,1,0,0,0,0,0,0,0,0,0,1,0,0
178,0.1157760522103819,-2.3040829900125894,-0.5841036577184692,-1.1270436849812215,1,1,1,0,0,0,0,0,0,0,1,0,0,0,1,0,0,0,0,0,0,0,0,0,0,1,0,0,0,0,0,0,0,0,0,1,0,0
179,1.5598292038398422,-0.14761170365574247,0.5836320593763541,-1.1270436849812215,0,0,0,0,1,0,1,0,0,0,0,0,1,0,0,0,1,0,0,0,0,0,0,0,0,1,0,0,0,0,0,0,0,0,0,1,0,0
180,0.7221888850118982,0.039645764309645073,-1.5532906505810316,-1.1270436849812215,1,1,1,0,0,0,0,0,0,0,0,0,1,0,0,0,0,0,0,0,0,0,0,0,0,1,0,0,0,0,0,0,0,0,0,1,0,0
181,-0.2934860048219572,0.8541455800531245,0.9151074718658068,0.8662968139801589,0,0,1,0,0,1,0,0,0,0,0,0,1,0,0,1,0,0,0,0,0,0,0,0,0,1,0,0,0,0,0,0,0,0,0,1,0,0
182,1.5598292038398422,-1.4413755225374356,1.6260128615957243,-1.1270436849812215,1,1,1,0,0,0,0,0,0,0,0,0,0,1,0,0,0,0,0,0,0,0,0,0,0,1,0,0,0,0,0,0,0,0,0,1,0,0
183,0.5455283937837431,1.408808515092207,-1.0114881997099463,0.20184998099303206,1,1,0,0,0,0,0,0,0,0,1,0,1,0,0,0,0,0,0,0,0,0,0,0,0,1,0,0,0,0,0,0,0,0,0,1,0,0
184,-0.08936606478699449,1.1804380956757845,-0.12474940589298399,-1.1270436849812215,1,1,1,0,0,1,0,0,0,0,0,0,1,0,0,0,0,0,0,0,0,0,0,0,0,1,0,0,0,0,0,0,0,0,0,1,0,0
185,1.5598292038398422,-0.22384670378004476,0.3329222296254482,-0.6840791296564703,1,0,0,0,0,0,0,0,0,0,0,0,0,0,0,1,0,0,0,0,0,0,0,0,0,1,0,0,0,0,0,0,0,0,0,1,0,0
186,-0.08936606478699449,-1.9318938406545525,-0.607660286017212,-1.1270436849812215,1,0,1,0,0,0,0,0,0,0,0,0,0,0,0,1,0,0,0,0,0,0,0,0,0,1,0,0,0,0,0,0,0,0,0,1,0,0
187,0.6331656313695502,1.4217449516382583,-1.2352761685480032,-1.1270436849812215,0,1,0,0,0,0,0,0,0,0,1,0,0,0,1,0,0,0,0,0,0,0,0,0,0,1,0,0,0,0,0,0,0,0,0,1,0,0
188,1.5598292038398422,1.1098509365043714,1.115338812405121,-0.4625968519940948,0,1,0,1,0,0,0,0,0,0,0,0,0,0,0,0,0,1,0,0,0,0,0,0,0,1,0,0,0,0,0,0,0,0,0,1,0,0
189,1.427245993129037,-1.5887470279761198,0.09903856294507292,0.8662968139801589,1,0,1,0,0,0,0,0,1,0,0,0,1,0,1,0,0,0,0,0,0,0,0,0,0,1,0,0,0,0,0,0,0,0,0,1,0,0
190,0.6697634518799427,0.8292278331551499,-0.380507084565049,1.0877790916425345,0,0,1,0,0,0,0,0,0,0,0,0,1,0,0,1,0,0,0,0,0,0,0,0,0,1,0,0,0,0,0,0,0,0,0,1,0,0
191,-0.8528723760850703,0.3350219858040898,-0.9071659886726566,-0.6840791296564703,0,0,1,0,0,1,0,0,0,0,0,0,1,0,0,1,0,0,0,0,0,0,0,0,0,1,0,0,0,0,0,0,0,0,0,1,0,0
192,1.5598292038398422,0.7371447273062461,0.950442414313921,-0.6840791296564703,0,0,1,0,0,0,0,0,1,0,0,0,1,0,0,1,0,0,0,0,0,0,0,0,0,1,0,0,0,0,0,0,0,0,0,1,0,0
193,-0.08936606478699449,0.8779557963748487,-1.280706808838436,-0.019632296669343543,1,0,1,0,0,0,0,0,0,0,0,1,1,0,0,1,0,0,0,0,0,0,0,0,0,1,0,0,0,0,0,0,0,0,0,1,0,0
194,-0.08936606478699449,-1.5068117974366781,0.6341105485879458,-0.4625968519940948,1,1,0,0,0,0,0,0,0,0,0,0,0,0,0,0,0,0,0,0,0,0,0,0,0,1,0,0,0,0,0,0,0,0,0,1,0,0
195,0.3508513265072888,0.7220582722921711,0.2235521696669993,-0.019632296669343543,1,1,1,0,0,1,0,0,0,0,0,0,1,0,0,0,0,0,0,0,0,0,0,0,0,1,0,0,0,0,0,0,0,0,0,1,0,0
196,-0.306902073489016,1.4217449516382583,-0.2644065593783879,0.6448145363177833,0,0,1,0,0,1,0,0,0,0,0,0,1,0,0,0,0,0,0,0,0,0,0,0,0,1,0,0,0,0,0,0,0,0,0,1,0,0
197,-0.9781003101885409,0.0808731819538611,0.013225131285366893,0.8662968139801589,0,0,1,0,0,1,0,0,0,0,0,0,1,0,0,1,0,0,0,0,0,0,0,0,0,1,0,0,0,0,0,0,0,0,0,1,0,0
198,-0.7208969799414668,-1.6537599118925015,1.26340904742579,-0.4625968519940948,1,0,1,0,0,0,0,0,0,0,0,0,0,0,1,0,0,0,0,0,0,0,0,0,0,1,0,0,0,0,0,0,0,0,0,1,0,0
199,1.5598292038398422,0.2978622382982627,1.6260128615957243,-0.4625968519940948,1,0,0,0,0,0,0,0,0,0,0,0,0,0,0,1,0,0,0,0,0,0,0,0,0,1,0,0,0,0,0,0,0,0,0,1,0,0
200,0.3620511628918382,-2.3040829900125894,1.1388954407038636,-1.1270436849812215,0,0,1,0,0,0,0,0,0,0,0,0,1,0,0,0,0,1,0,0,0,0,0,0,0,0,0,0,0,0,1,0,0,0,0,0,0,0
201,-1.5709005883852336,0.0808731819538611,-0.09277969605897585,1.8629670634608493,0,0,0,1,0,0,0,1,0,0,0,0,1,0,0,0,0,0,0,0,0,0,0,0,0,0,0,0,0,0,1,0,0,0,0,0,0,0
202,-0.7948518940544843,0.0808731819538611,1.2263914886706229,0.4233322586554077,1,0,1,0,0,1,0,0,0,0,0,0,1,0,0,0,0,1,0,0,0,0,0,0,0,0,0,0,0,0,1,0,0,0,0,0,0,0
203,-0.5731759470237663,0.0808731819538611,-1.536464487510501,-0.24111457433171915,1,0,1,0,0,0,0,0,0,0,0,0,1,0,0,0,0,0,0,0,0,0,0,0,0,0,0,0,0,0,1,0,0,0,0,0,0,0
204,-0.7635467272475814,0.06496006555876567,-0.08352530637018403,-0.24111457433171915,0,1,1,0,0,0,0,0,0,0,0,0,1,0,0,0,0,0,0,0,0,0,0,0,0,0,0,0,0,0,1,0,0,0,0,0,0,0
205,-0.08936606478699449,0.8839380537566719,-0.10455801020834726,-1.1270436849812215,0,0,1,0,0,0,0,0,0,0,0,0,1,0,0,0,0,0,0,0,0,0,0,0,0,0,0,0,0,0,1,0,0,0,0,0,0,0
206,-0.08936606478699449,0.0808731819538611,0.7367501433181824,1.8629670634608493,0,0,0,0,1,0,0,1,0,0,0,0,1,0,0,0,0,0,0,0,0,0,0,0,0,0,0,0,0,0,1,0,0,0,0,0,0,0
207,-1.5709005883852336,-0.7845260490405201,-1.2689284946890644,-1.1270436849812215,0,1,1,0,0,0,0,0,0,0,0,0,0,0,0,0,1,0,0,0,0,0,0,0,0,0,0,0,0,0,1,0,0,0,0,0,0,0
208,-0.08936606478699449,-2.3040829900125894,0.6795411888783784,-1.1270436849812215,0,0,1,0,0,0,0,0,0,0,0,0,0,0,0,0,0,1,0,0,0,0,0,0,0,0,0,0,0,0,1,0,0,0,0,0,0,0
209,-0.75876822566404,-1.8864395753039331,0.17139106414835448,-1.1270436849812215,1,0,1,0,0,1,0,0,0,0,0,0,1,0,0,1,0,0,0,0,0,0,0,0,0,0,0,0,0,0,1,0,0,0,0,0,0,0
210,-0.8784881433614385,1.4217449516382583,-0.717030345975661,1.7522259246296614,0,1,0,1,0,0,0,1,0,0,0,0,1,0,0,0,1,0,0,0,0,0,0,0,0,0,0,0,0,0,1,0,0,0,0,0,0,0
211,-1.5650652711749904,0.004940722464007478,-0.4764162140670734,0.05364622642341271,0,1,1,0,0,0,0,0,0,0,0,1,1,0,1,0,0,0,0,0,0,0,0,0,0,0,0,0,0,0,1,0,0,0,0,0,0,0
212,-0.608785103615255,0.5711041502733327,-1.3665202404981418,-0.019632296669343543,0,0,1,0,0,0,0,0,0,0,0,0,1,0,1,0,0,0,0,0,0,0,0,0,0,0,0,0,0,0,1,0,0,0,0,0,0,0
213,-1.090620714092518,0.2797590904160123,-0.6379473795441671,0.4233322586554077,0,1,1,0,0,0,0,0,0,0,0,0,1,0,0,0,1,0,0,0,0,0,0,0,0,0,0,0,0,0,1,0,0,0,0,0,0,0
214,1.0906481768626295,-0.7632084850779727,-0.08352530637018403,1.7522259246296614,1,0,0,0,0,0,0,0,0,0,0,0,0,0,0,0,0,1,0,0,0,0,0,0,0,0,0,0,0,0,1,0,0,0,0,0,0,0
215,-0.7767366793126885,-0.5523108493343883,1.6260128615957243,-1.1270436849812215,0,0,1,0,0,0,0,0,0,0,0,0,1,0,0,1,0,0,0,0,0,0,0,0,0,0,0,0,0,0,1,0,0,0,0,0,0,0
216,-0.0865364226567766,0.0808731819538611,1.1674999179237657,0.6448145363177833,0,1,1,0,0,0,0,0,0,0,0,0,0,0,0,0,0,1,0,0,0,0,0,0,0,0,0,0,0,0,1,0,0,0,0,0,0,0
217,-0.27652326296759794,-1.0030866413397244,0.3951790329864114,-1.1270436849812215,0,0,1,0,0,1,0,0,0,0,0,0,1,0,0,0,1,0,0,0,0,0,0,0,0,0,0,0,0,0,1,0,0,0,0,0,0,0
218,-0.08936606478699449,-0.6075367017092823,1.6260128615957243,-0.019632296669343543,0,1,1,0,0,1,0,0,0,0,0,0,0,1,0,0,0,0,0,0,0,0,0,0,0,0,0,0,0,0,1,0,0,0,0,0,0,0
219,-0.061625527586660414,-1.7130505016819426,-0.6816954035275467,-1.1270436849812215,1,0,1,0,0,0,0,0,0,0,0,0,0,0,1,0,0,0,0,0,0,0,0,0,0,0,0,0,0,0,1,0,0,0,0,0,0,0
220,0.19903399173664346,1.4217449516382583,-0.34348952580988173,0.6448145363177833,0,0,0,0,0,0,0,0,0,0,0,0,1,0,0,1,0,0,0,0,0,0,0,0,0,0,0,0,0,0,1,0,0,0,0,0,0,0
221,-0.08936606478699449,1.1491955782664356,-1.285754657759595,0.4233322586554077,0,0,1,0,0,1,0,0,0,0,0,0,1,0,0,1,0,0,0,0,0,0,0,0,0,0,0,0,0,0,1,0,0,0,0,0,0,0
222,-1.2192063607778698,-0.25658943039883697,-1.142732271660085,-1.1270436849812215,0,0,1,0,0,0,0,0,0,0,0,0,1,0,1,0,0,0,0,0,0,0,0,0,0,0,0,0,0,0,1,0,0,0,0,0,0,0
223,0.2823947783567479,1.4217449516382583,0.7922764814509334,-1.1270436849812215,0,1,0,1,0,0,0,0,0,0,0,0,0,0,0,0,0,1,0,0,0,0,0,0,0,0,0,0,0,0,1,0,0,0,0,0,0,0
224,-1.0285639118077923,0.0808731819538611,-0.3906027824073674,-0.24111457433171915,1,0,1,0,0,0,0,1,0,0,0,0,1,0,0,1,0,0,0,0,0,0,0,0,0,0,0,0,0,0,1,0,0,0,0,0,0,0
225,1.4446654277418525,-0.2398932167623466,0.3749876373017747,0.20184998099303206,0,1,1,0,0,0,0,0,0,0,0,0,0,0,0,1,0,0,1,0,0,0,0,0,0,0,0,0,0,0,1,0,0,0,0,0,0,0
226,1.0552224487718471,-1.1933885684261836,-0.08352530637018403,1.30926136930491,0,1,0,0,0,0,0,0,0,0,1,0,0,1,0,0,0,0,0,0,0,0,0,0,0,0,0,0,0,0,1,0,0,0,0,0,0,0
227,-0.5447744429496362,1.2595167859231575,-1.5802125114938803,0.05364622642341271,0,1,0,1,0,0,0,1,0,0,0,0,1,0,0,1,0,0,0,0,0,0,0,0,0,0,0,0,0,0,1,0,0,0,0,0,0,0
228,-1.0509668790857245,-0.5113428798846703,-1.115810410747236,-1.1270436849812215,0,1,1,0,0,1,0,0,0,0,0,0,1,0,0,0,1,0,0,0,0,0,0,0,0,0,0,0,0,0,1,0,0,0,0,0,0,0
229,-0.08936606478699449,-1.6447788132869263,0.24206094904458297,1.30926136930491,0,1,0,1,0,0,0,0,0,1,0,0,1,0,0,1,0,0,0,0,0,0,0,0,0,0,0,1,0,0,0,0,0,0,0,0,0,0
230,0.09011787896634665,0.7814820896836255,0.780498167301562,1.8629670634608493,0,0,0,0,0,0,0,0,0,0,1,0,1,0,0,0,0,0,0,0,0,0,0,0,0,0,0,1,0,0,0,0,0,0,0,0,0,0
231,-0.1647182605687856,1.4217449516382583,1.6260128615957243,0.8662968139801589,0,1,1,0,0,0,0,0,0,0,0,0,0,0,0,1,0,0,0,0,0,0,0,0,0,0,0,1,0,0,0,0,0,0,0,0,0,0
232,1.5598292038398422,0.5414577113853267,0.12259519124381575,0.4233322586554077,0,0,0,0,0,0,0,0,0,0,0,0,0,0,0,1,0,0,0,0,0,0,0,0,0,0,0,1,0,0,0,0,0,0,0,0,0,0
233,-0.08936606478699449,-1.839511461623506,0.7098282824053335,1.0877790916425345,0,1,0,0,0,0,0,0,0,0,1,0,0,0,0,0,0,1,0,0,0,0,0,0,0,0,0,1,0,0,0,0,0,0,0,0,0,0
234,1.133368069952419,-0.4719011101344245,0.22018693705289322,-1.1270436849812215,0,1,1,0,0,0,0,0,0,0,0,0,1,0,0,1,0,0,0,0,0,0,0,0,0,0,0,1,0,0,0,0,0,0,0,0,0,0
235,1.5598292038398422,-0.2984362760332683,0.8393897380484191,0.6448145363177833,0,1,0,0,0,0,0,0,0,0,0,0,0,0,0,0,0,1,0,0,0,0,0,0,0,0,0,1,0,0,0,0,0,0,0,0,0,0
236,-0.9883515817649462,0.7093495580850333,0.4237835102063134,-1.1270436849812215,0,1,1,0,0,1,0,0,0,0,0,0,1,0,0,1,0,0,0,0,0,0,0,0,0,0,0,1,0,0,0,0,0,0,0,0,0,0
237,-1.5302704651659798,-1.783676916478419,-0.4107941780920041,-1.1270436849812215,0,1,1,0,0,0,0,0,0,0,0,1,1,0,0,0,0,0,0,0,0,0,0,0,0,0,0,1,0,0,0,0,0,0,0,0,0,0
238,0.7781737799115077,-0.251663258340845,0.13942135431434635,1.30926136930491,1,0,1,0,0,0,0,0,0,1,0,0,1,0,0,1,0,0,0,0,0,0,0,0,0,0,0,1,0,0,0,0,0,0,0,0,0,0
239,-0.08936606478699449,0.24625702619816167,-0.3889201661003143,-0.4625968519940948,0,1,1,0,0,0,0,0,0,0,0,0,0,0,1,0,0,0,0,0,0,0,0,0,0,0,0,1,0,0,0,0,0,0,0,0,0,0
240,-1.119630432146485,1.4217449516382583,0.5011838603307541,0.4233322586554077,0,0,1,0,0,0,0,1,0,0,0,0,1,0,0,1,0,0,0,0,0,0,0,0,0,0,0,1,0,0,0,0,0,0,0,0,0,0
241,0.7336034538163037,1.4217449516382583,1.2364871865129412,-0.4625968519940948,0,0,0,0,0,0,0,0,0,0,1,0,0,0,0,0,0,1,0,0,0,0,0,0,0,0,0,1,0,0,0,0,0,0,0,0,0,0
242,0.11923339416186238,0.0808731819538611,0.5180100234012848,0.8662968139801589,1,0,1,0,0,0,0,0,0,0,0,0,0,0,0,0,0,0,0,0,0,0,0,0,0,0,0,1,0,0,0,0,0,0,0,0,0,0
243,1.5598292038398422,0.08429970930210753,1.6260128615957243,0.05364622642341271,1,0,0,0,1,0,0,0,0,1,0,0,1,0,0,1,0,0,0,0,0,0,0,0,0,0,0,1,0,0,0,0,0,0,0,0,0,0
244,-0.6874933083715552,0.43865157027872176,-1.0333622117016361,0.4233322586554077,1,0,1,0,0,1,0,0,0,0,0,0,1,0,0,0,1,0,0,0,0,0,0,0,0,0,0,1,0,0,0,0,0,0,0,0,0,0
245,1.4172932871071453,-0.2125900837944802,1.3694138747701328,1.8629670634608493,0,1,0,1,0,0,0,0,0,0,0,0,0,0,0,0,0,1,0,0,0,0,0,0,0,0,0,1,0,0,0,0,0,0,0,0,0,0
246,-0.5067925602960347,-1.1814861778065795,-1.5061773939835459,-1.1270436849812215,0,1,1,0,0,1,0,0,0,0,0,0,1,0,0,1,0,0,0,0,0,0,0,0,0,0,0,1,0,0,0,0,0,0,0,0,0,0
247,1.5598292038398422,1.1860370500633273,1.6260128615957243,1.30926136930491,0,1,0,0,0,0,0,0,0,0,0,0,0,1,0,0,0,0,0,0,0,0,0,0,0,0,0,1,0,0,0,0,0,0,0,0,0,0
248,0.5877054766204384,-0.9690399350079719,0.5281057212436031,-1.1270436849812215,0,1,0,0,0,0,0,0,0,0,0,0,0,0,0,0,1,0,0,0,0,0,0,0,0,0,0,1,0,0,0,0,0,0,0,0,0,0
249,1.5598292038398422,0.5422776534774119,0.8679942152683211,1.0877790916425345,1,0,0,1,0,0,0,0,1,0,0,0,1,0,0,0,1,0,0,0,0,0,0,0,0,0,0,1,0,0,0,0,0,0,0,0,0,0
250,0.6869026799049653,0.9814353811631268,-0.08352530637018403,-1.1270436849812215,0,1,1,0,0,0,0,0,0,0,0,0,1,0,0,1,0,0,0,0,0,0,0,0,0,0,0,1,0,0,0,0,0,0,0,0,0,0
251,-1.5709005883852336,0.0808731819538611,0.4490227548121093,-1.1270436849812215,1,0,1,0,0,0,0,0,0,0,0,1,1,0,0,1,0,0,0,0,0,0,0,0,0,0,0,1,0,0,0,0,0,0,0,0,0,0
252,-0.08936606478699449,-1.9992960727560052,-0.08352530637018403,1.8629670634608493,0,0,0,1,0,0,0,0,1,0,0,0,1,0,0,1,0,0,0,0,0,0,0,0,0,0,0,1,0,0,0,0,0,0,0,0,0,0
253,1.4813731634376346,0.11435091270915272,-0.08352530637018403,-0.4625968519940948,0,1,0,0,0,0,0,0,0,1,0,0,1,0,0,0,0,0,0,0,0,0,0,0,0,0,0,1,0,0,0,0,0,0,0,0,0,0
254,1.5598292038398422,-0.15504838133829527,1.4518620738157326,0.05364622642341271,1,0,0,1,0,0,0,0,0,0,0,0,0,0,0,0,0,1,1,0,0,0,0,0,0,0,0,0,0,0,0,0,0,0,0,0,0,0
255,-1.5709005883852336,-0.9001474087918375,-0.08352530637018403,0.8662968139801589,0,1,1,0,0,0,0,1,0,0,0,0,1,0,0,1,0,0,0,0,0,0,0,0,0,0,0,1,0,0,0,0,0,0,0,0,0,0
256,-0.8128440259020152,-0.60886983927023,-0.9391356985066648,1.0877790916425345,0,1,1,0,0,1,0,0,0,0,0,0,1,0,0,1,0,0,0,0,0,0,0,0,0,0,0,1,0,0,0,0,0,0,0,0,0,0
257,0.06798087550931699,0.8031465871366013,-0.08352530637018403,-1.1270436849812215,0,0,1,0,0,0,0,0,0,0,0,0,1,0,0,1,0,0,0,0,0,0,0,0,0,0,0,1,0,0,0,0,0,0,0,0,0,0
258,-1.1751854664817682,-2.3040829900125894,0.4725793831108521,0.05364622642341271,0,1,1,0,0,0,0,0,0,0,0,1,1,0,0,1,0,0,0,0,0,0,0,0,0,0,0,1,0,0,0,0,0,0,0,0,0,0
259,-1.5709005883852336,-0.3414556430576703,0.7333849107040763,1.30926136930491,0,1,1,0,0,0,0,1,0,0,0,0,1,0,0,1,0,0,0,0,0,0,0,0,0,0,0,1,0,0,0,0,0,0,0,0,0,0
260,-1.4379976339933405,1.4217449516382583,-0.4192072596272694,0.4233322586554077,1,0,1,0,0,0,0,0,0,0,0,1,0,0,1,0,0,0,0,0,0,0,0,0,0,0,0,1,0,0,0,0,0,0,0,0,0,0
261,-0.3766654293393169,-0.672564668668555,0.6122365365962561,-1.1270436849812215,1,0,1,0,0,0,0,0,0,0,0,0,0,0,0,0,1,0,0,0,0,0,0,0,0,0,0,1,0,0,0,0,0,0,0,0,0,0
262,-1.294127248520996,0.287881218238991,0.16129536630603614,0.05364622642341271,0,1,1,0,0,0,0,1,0,0,0,0,1,0,0,1,0,0,0,1,0,0,0,0,0,0,0,0,0,0,0,1,0,0,0,0,0,0
263,1.2236003482218176,0.6202271344149914,-1.1679715162658808,-1.1270436849812215,0,0,1,0,0,0,0,0,0,0,0,0,0,0,1,0,0,0,0,1,0,0,0,0,0,0,0,0,0,0,0,1,0,0,0,0,0,0
264,0.39147936617928464,-0.05192437300494764,1.6260128615957243,0.4233322586554077,0,0,1,0,0,0,0,0,0,0,0,0,0,1,0,0,0,0,0,1,0,0,0,0,0,0,0,0,0,0,0,1,0,0,0,0,0,0
265,-1.5709005883852336,-0.8577290430772826,-1.1343191901248197,-1.1270436849812215,0,0,1,0,0,0,0,0,0,0,0,1,1,0,0,1,0,0,0,1,0,0,0,0,0,0,0,0,0,0,0,1,0,0,0,0,0,0
266,-1.4892452371413432,0.0808731819538611,0.694684735641856,-1.1270436849812215,0,1,1,0,0,0,0,1,0,0,0,0,1,0,0,1,0,0,0,1,0,0,0,0,0,0,0,0,0,0,0,1,0,0,0,0,0,0
267,1.5598292038398422,0.09684792891034966,-1.99245350672188,1.8629670634608493,0,1,0,0,1,0,1,0,0,0,0,0,1,0,0,1,0,0,0,1,0,0,0,0,0,0,0,0,0,0,0,1,0,0,0,0,0,0
268,-0.08936606478699449,1.4217449516382583,-0.08352530637018403,0.20184998099303206,0,1,1,0,0,0,0,0,0,0,0,1,1,0,0,1,0,0,0,1,0,0,0,0,0,0,0,0,0,0,0,1,0,0,0,0,0,0
269,-1.1300438361172422,-1.4289830011042401,-0.5302599358927713,0.05364622642341271,0,0,1,0,0,1,0,0,0,0,0,0,1,0,0,1,0,0,0,1,0,0,0,0,0,0,0,0,0,0,0,1,0,0,0,0,0,0
270,1.5598292038398422,1.1005244094707345,1.6260128615957243,1.8629670634608493,0,0,0,1,0,0,0,0,0,0,0,0,0,1,0,0,0,0,0,1,0,0,0,0,0,0,0,0,0,0,0,1,0,0,0,0,0,0
271,0.4843176359719471,1.4217449516382583,-1.024949130166371,-0.019632296669343543,0,1,1,0,0,0,0,0,0,0,0,0,0,0,1,0,0,0,0,1,0,0,0,0,0,0,0,0,0,0,0,1,0,0,0,0,0,0
272,-1.0962110530199953,1.4217449516382583,0.5314709538577093,-0.019632296669343543,1,0,0,0,0,1,0,0,0,0,0,0,1,0,0,0,0,0,0,1,0,0,0,0,0,0,0,0,0,0,0,1,0,0,0,0,0,0
273,-1.5709005883852336,0.07744665460561526,-1.2352761685480032,0.20184998099303206,0,1,1,0,0,0,0,0,0,0,0,1,1,0,0,1,0,0,0,1,0,0,0,0,0,0,0,0,0,0,0,1,0,0,0,0,0,0
274,0.4705260478806078,0.6267942288827276,0.1259604238579219,-0.019632296669343543,1,0,1,0,0,0,0,0,0,0,0,0,0,0,0,1,0,0,0,1,0,0,0,0,0,0,0,0,0,0,0,1,0,0,0,0,0,0
275,1.5598292038398422,-0.27427932559932905,1.6260128615957243,-1.1270436849812215,0,1,0,0,0,0,0,0,0,0,1,0,1,0,0,0,0,1,0,1,0,0,0,0,0,0,0,0,0,0,0,1,0,0,0,0,0,0
276,1.0548625451645395,0.0808731819538611,0.19831292506120343,-0.019632296669343543,0,0,1,0,0,0,0,0,0,0,0,0,0,0,0,0,0,0,0,1,0,0,0,0,0,0,0,0,0,0,0,1,0,0,0,0,0,0
277,-0.3301003649984914,0.6339403517223309,1.292013524645692,-1.1270436849812215,0,1,1,0,0,0,0,0,0,0,0,0,0,0,0,0,0,0,0,1,0,0,0,0,0,0,0,0,0,0,0,1,0,0,0,0,0,0
278,-0.9724296675621537,0.48862805608027765,1.2499481169693656,-1.1270436849812215,0,1,1,0,0,0,0,0,0,0,0,0,1,0,0,0,0,1,0,1,0,0,0,0,0,0,0,0,0,0,0,1,0,0,0,0,0,0
279,0.8942030603233079,-1.7058797061936728,-1.454016288464901,0.05364622642341271,1,0,0,0,0,0,0,0,0,1,0,0,1,0,0,1,0,0,0,1,0,0,0,0,0,0,0,0,0,0,0,1,0,0,0,0,0,0
280,0.15980444100697616,1.4217449516382583,-0.08352530637018403,0.05364622642341271,0,1,0,1,0,0,0,0,1,0,0,0,1,0,0,1,0,0,0,1,0,0,0,0,0,0,0,0,0,0,0,1,0,0,0,0,0,0
281,-0.9230439438185698,-1.5403014029476338,-1.174701981494093,-0.24111457433171915,1,0,1,0,0,1,0,0,0,0,0,0,1,0,0,0,0,0,0,1,0,0,0,0,0,0,0,0,0,0,0,1,0,0,0,0,0,0
282,0.5867393044641788,0.0808731819538611,1.2129305582141983,1.0877790916425345,0,0,0,0,0,0,0,0,0,0,0,0,0,0,0,1,0,0,0,1,0,0,0,0,0,0,0,0,0,0,0,1,0,0,0,0,0,0
283,-1.3489702552999123,-0.8647628025154712,-0.6749649382993345,-1.1270436849812215,1,0,1,0,0,0,0,0,0,0,0,0,1,0,0,1,0,0,0,1,0,0,0,0,0,0,0,0,0,0,0,1,0,0,0,0,0,0
284,-0.36461831852695614,1.4217449516382583,-0.08352530637018403,-1.1270436849812215,1,0,1,0,0,0,0,0,0,0,0,1,1,1,0,0,0,0,0,1,0,0,0,0,0,0,0,0,0,0,0,1,0,0,0,0,0,0
285,-1.5709005883852336,1.3823388713986893,-0.6850606361416528,0.8662968139801589,1,0,0,0,0,0,0,0,0,0,0,1,1,0,0,1,0,0,1,0,0,0,0,0,0,0,0,0,0,0,0,1,0,0,0,0,0,0
286,-0.8050875125649086,-1.1292054245011618,-0.1398929526564615,-1.1270436849812215,1,0,1,0,0,0,0,1,0,0,0,0,1,0,1,0,0,0,0,1,0,0,0,0,0,0,0,0,0,0,0,1,0,0,0,0,0,0
287,-0.3554761088846974,0.0808731819538611,0.809102644521464,-1.1270436849812215,0,1,1,0,0,0,0,1,0,0,0,0,0,0,0,1,0,0,0,1,0,0,0,0,0,0,0,0,0,0,0,1,0,0,0,0,0,0
288,-1.5709005883852336,0.7772744296988189,-1.3025808208301255,1.8629670634608493,0,0,0,1,0,0,0,1,0,0,0,0,1,0,0,0,1,0,0,1,0,0,0,0,0,0,0,0,0,0,0,1,0,0,0,0,0,0
289,-0.08936606478699449,0.26655463524896994,1.6260128615957243,0.20184998099303206,1,0,0,0,0,1,0,0,0,0,0,0,1,0,0,0,1,0,0,1,0,0,0,0,0,0,0,0,0,0,0,1,0,0,0,0,0,0
290,-0.339412687542954,1.4217449516382583,-0.8751962788386485,0.8662968139801589,0,1,1,0,0,1,0,0,0,0,0,0,1,0,0,0,1,0,0,1,0,0,0,0,0,0,0,0,0,0,0,1,0,0,0,0,0,0
291,1.3377102377559746,0.0808731819538611,0.8292940402061008,-0.019632296669343543,0,0,0,0,0,0,0,0,0,0,0,0,0,0,0,0,0,1,0,1,0,0,0,0,0,0,0,0,0,0,0,1,0,0,0,0,0,0
292,0.9913771552634791,0.8346876523480075,-0.09951016128718809,-0.019632296669343543,1,0,1,0,0,0,0,0,0,0,0,0,1,0,0,1,0,0,1,0,0,0,0,0,0,0,0,0,0,0,0,1,0,0,0,0,0,0
293,1.5598292038398422,0.7212941261120549,-0.19541929078921247,0.4233322586554077,0,1,0,0,0,0,0,0,0,0,1,0,1,0,1,0,0,0,0,1,0,0,0,0,0,0,0,0,0,0,0,1,0,0,0,0,0,0
294,1.5598292038398422,-0.37291102750807315,1.6260128615957243,0.4233322586554077,0,0,0,1,0,0,0,0,0,0,0,0,0,1,0,0,0,0,0,1,0,0,0,0,0,0,0,0,0,0,0,1,0,0,0,0,0,0
295,0.36996636253681553,0.0808731819538611,-0.5117511565151877,0.05364622642341271,0,0,0,0,0,1,0,0,0,0,0,0,1,0,1,0,0,0,0,1,0,0,0,0,0,0,0,0,0,0,0,1,0,0,0,0,0,0
296,1.5598292038398422,0.38134499552216417,-0.23580208215848592,-0.4625968519940948,0,0,0,1,0,0,0,0,0,1,0,0,1,0,0,1,0,0,0,1,0,0,0,0,0,0,0,0,0,0,0,1,0,0,0,0,0,0
297,-1.5709005883852336,-1.4628606890132343,-1.2689284946890644,-0.019632296669343543,0,0,1,0,0,0,0,0,0,0,0,1,1,0,0,0,1,0,0,1,0,0,0,0,0,0,0,0,0,0,0,1,0,0,0,0,0,0
298,-1.0084212091971367,-0.17129875692282692,-1.735013211742762,-1.1270436849812215,0,1,1,0,0,1,0,0,0,0,0,0,1,0,0,0,1,0,0,1,0,0,0,0,0,0,0,0,0,0,0,1,0,0,0,0,0,0
299,-0.8919951656245948,0.7448733546687619,-0.9929794203323626,-1.1270436849812215,0,1,1,0,0,1,0,0,0,0,0,0,1,0,0,1,0,0,0,1,0,0,0,0,0,0,0,0,0,0,0,1,0,0,0,0,0,0
300,-0.08936606478699449,0.2516558494358908,-0.9559618615771953,0.05364622642341271,0,1,1,0,0,1,0,0,0,0,0,0,1,0,0,1,0,0,0,1,0,0,0,0,0,0,0,0,0,0,0,1,0,0,0,0,0,0
301,-0.08936606478699449,1.4217449516382583,1.0446689275088923,-1.1270436849812215,1,0,1,0,0,0,0,0,0,0,0,0,1,0,0,0,0,1,0,1,0,0,0,0,0,0,0,0,0,0,0,1,0,0,0,0,0,0
302,-1.5709005883852336,-1.764506968719569,1.1102909634839617,0.20184998099303206,0,1,0,0,0,0,0,0,0,0,0,1,0,0,0,1,0,0,0,1,0,0,0,0,0,0,0,0,0,0,0,1,0,0,0,0,0,0
